# Simulation 1 (Up to date),,,,,,,
# 1088 data points written for 8 variables.,,,,,,,
#,,,,,,,
# Time (s),Altitude (m),Vertical acceleration (m/s²),Total velocity (m/s),Total acceleration (m/s²),Mass (g),Thrust (N),Drag force (N)
# Event LAUNCH occurred at t=0 seconds,,,,,,,
# Event IGNITION occurred at t=0 seconds,,,,,,,
0,0,-6.6983,0,6.7024,21261,65.566,2.64E-06
0.01,0,-0.555,0,0.55533,21261,196.26,2.60E-06
0.02,0,5.5908,0,5.5942,21257,326.95,2.56E-06
0.03,2.80E-04,11.739,0.055962,11.746,21254,457.64,1.59E-05
0.04,0.0014259,17.888,0.17345,17.899,21251,588.33,1.17E-04
0.05,0.0040539,24.04,0.35248,24.055,21247,719.02,5.96E-04
0.06,0.0087787,30.194,0.59307,30.212,21244,849.71,0.0021405
0.07,0.016216,36.349,0.89524,36.371,21240,980.4,0.0059264
# Event LIFTOFF occurred at t=0.08 seconds,,,,,,,
0.08,0.02698,42.506,1.259,42.532,21237,1111.1,0.013468
0.09,0.041688,48.666,1.6844,48.695,21233,1241.8,0.026307
0.1,0.060956,51.542,2.1714,51.573,21230,1302.7,0.04574
0.11,0.085235,51.138,2.6873,51.169,21225,1293.8,0.070893
0.12,0.11465,50.738,3.1991,50.769,21218,1285,0.099909
0.13,0.14916,50.338,3.707,50.369,21212,1276.1,0.13219
0.14,0.18872,49.938,4.2108,49.968,21205,1267.3,0.16729
0.15,0.2333,49.537,4.7106,49.567,21198,1258.4,0.20491
0.16,0.28286,49.136,5.2065,49.166,21192,1249.5,0.24379
0.17,0.33735,48.735,5.6983,48.764,21185,1240.7,0.28391
0.18,0.39673,48.333,6.186,48.363,21178,1231.8,0.32422
0.19,0.46097,47.931,6.6698,47.96,21172,1223,0.36404
0.2,0.53003,47.769,7.1496,47.798,21165,1219.2,0.40391
0.21,0.60387,47.846,7.6277,47.875,21158,1220.5,0.45146
0.22,0.68249,47.923,8.1066,47.952,21152,1221.8,0.50144
0.23,0.76591,48,8.5862,48.03,21145,1223.1,0.55388
0.24,0.85412,48.077,9.0667,48.107,21138,1224.3,0.6088
0.25,0.94713,48.155,9.5479,48.184,21131,1225.6,0.66621
# Event LAUNCHROD occurred at t=0.26 seconds,,,,,,,
0.26,1.045,48.226,10.03,48.262,21124,1227.3,0.71957
0.275,1.2007,48.352,10.754,48.388,21116,1229.7,0.80343
0.2975,1.4548,48.542,11.844,48.578,21103,1233.3,0.93767
0.33125,1.882,48.826,13.486,48.862,21084,1238.7,1.1587
0.38125,2.617,49.244,15.934,49.28,21055,1245.2,1.5395
0.43125,3.4748,49.626,18.401,49.661,21021,1251.6,1.9954
0.48125,4.4563,50.005,20.888,50.042,20987,1258.1,2.4986
0.53125,5.5626,50.382,23.393,50.421,20953,1264.6,3.0765
0.58125,6.7945,50.757,25.918,50.798,20919,1271,3.7074
0.63125,8.153,51.128,28.461,51.174,20885,1277.5,4.3969
0.68125,9.639,51.496,31.023,51.549,20851,1283.9,5.147
0.73125,11.254,51.86,33.603,51.922,20816,1290.4,5.9648
0.78125,12.997,52.219,36.202,52.293,20782,1296.9,6.8538
0.83125,14.871,52.575,38.82,52.661,20748,1303.3,7.822
0.88125,16.877,52.923,41.456,53.029,20714,1309.8,8.85
0.93125,19.014,53.264,44.109,53.395,20680,1316.3,9.9658
0.98125,21.284,53.598,46.781,53.758,20646,1322.7,11.167
1.0313,23.687,53.924,49.47,54.119,20612,1329.2,12.447
1.0813,26.226,54.239,52.177,54.48,20578,1335.6,13.802
1.1313,28.899,54.542,54.9,54.838,20544,1342.1,15.246
1.1813,31.709,54.834,57.641,55.195,20510,1348.6,16.788
1.2313,34.655,55.123,60.398,55.549,20475,1355,18.425
1.2813,37.739,55.411,63.171,55.899,20441,1361.5,20.152
1.3313,40.961,55.696,65.961,56.246,20407,1367.9,21.969
1.3813,44.322,55.962,68.767,56.565,20373,1373.9,23.871
1.4313,47.823,56.15,71.589,56.795,20338,1378.1,25.859
1.4813,51.464,56.338,74.422,57.017,20301,1382.2,27.931
1.5313,55.245,56.542,77.266,57.234,20264,1386.2,30.08
1.5813,59.168,56.761,80.122,57.444,20227,1390.2,32.307
1.6313,63.233,57.001,82.989,57.646,20189,1394.2,34.616
1.6813,67.44,57.255,85.867,57.84,20152,1398.3,37.024
1.7313,71.789,57.508,88.757,58.03,20115,1402.3,39.539
1.7813,76.283,57.758,91.657,58.216,20078,1406.3,42.167
1.8313,80.921,57.992,94.568,58.401,20040,1410.4,44.89
1.8813,85.703,58.216,97.489,58.584,20003,1414.4,47.718
1.9313,90.631,58.428,100.42,58.763,19966,1418.4,50.656
1.9813,95.705,58.627,103.36,58.939,19928,1422.4,53.703
2.0313,100.93,58.801,106.31,59.113,19891,1426.5,56.829
2.0813,106.29,58.948,109.26,59.286,19854,1430.5,60.039
2.1313,111.81,59.072,112.23,59.456,19816,1434.5,63.35
2.1813,117.47,59.173,115.2,59.625,19779,1438.6,66.772
2.2313,123.28,59.25,118.18,59.794,19742,1442.6,70.306
2.2813,129.24,59.331,121.17,59.957,19705,1446.6,73.976
2.3313,135.34,59.427,124.16,60.111,19667,1450.6,77.76
2.3812,141.6,59.55,127.17,60.254,19630,1454.7,81.648
2.4312,148,59.702,130.17,60.384,19593,1458.7,85.64
2.4812,154.55,59.816,133.19,60.441,19555,1461.5,89.748
2.5312,161.25,59.7,136.21,60.258,19518,1459.7,93.971
2.5812,168.1,59.55,139.22,60.052,19480,1457.5,98.289
2.6312,175.11,59.388,142.22,59.842,19442,1455.3,102.71
2.6812,182.25,59.185,145.21,59.633,19403,1453.1,107.2
2.7312,189.55,58.961,148.19,59.42,19365,1450.9,111.78
2.7812,197,58.718,151.16,59.203,19327,1448.6,116.46
2.8312,204.59,58.464,154.12,58.98,19289,1446.4,121.24
2.8812,212.33,58.19,157.07,58.755,19251,1444.2,126.11
2.9312,220.21,57.909,160,58.526,19212,1442,131.07
2.9812,228.24,57.633,162.93,58.281,19174,1439.6,136.11
3.0312,236.41,57.365,165.84,57.992,19136,1436.7,141.26
3.0812,244.73,57.09,168.73,57.694,19099,1433.8,146.47
3.1312,253.19,56.831,171.62,57.387,19061,1430.8,151.77
3.1812,261.79,56.567,174.48,57.074,19024,1427.9,157.16
3.2312,270.54,56.266,177.33,56.762,18986,1424.9,162.61
3.2812,279.42,55.932,180.17,56.45,18949,1422,168.12
3.3312,288.45,55.591,182.99,56.132,18912,1419,173.72
3.3812,297.61,55.245,185.79,55.808,18874,1416.1,179.41
3.4312,306.91,54.903,188.58,55.478,18837,1413.1,185.17
3.4812,316.36,54.564,191.35,55.142,18799,1410.2,191
3.5312,325.93,54.233,194.1,54.797,18762,1407.2,196.91
3.5812,335.65,53.755,196.84,54.324,18725,1401.9,202.86
3.6312,345.49,52.805,199.55,53.356,18688,1387.5,208.86
3.6812,355.48,51.825,202.21,52.327,18654,1372.3,214.89
3.7312,365.59,50.811,204.82,51.298,18620,1357,220.88
3.7812,375.83,49.759,207.38,50.276,18586,1341.8,226.81
3.8312,386.19,48.741,209.89,49.241,18553,1326.5,232.77
3.8812,396.68,47.732,212.35,48.201,18519,1311.3,238.72
3.9312,407.29,46.673,214.76,47.171,18485,1296.1,244.59
3.9812,418.02,45.582,217.11,46.151,18451,1280.8,250.36
4.0312,428.86,44.559,219.41,45.111,18418,1265.6,256.14
4.0812,439.81,43.585,221.66,44.057,18384,1250.4,261.89
4.1312,450.88,42.569,223.86,43.015,18350,1235.1,267.53
4.1812,462.05,41.534,226.01,41.977,18316,1219.9,273.12
4.2312,473.32,40.478,228.1,40.942,18283,1204.6,278.63
4.2812,484.7,39.406,230.14,39.915,18249,1189.4,284.05
4.3312,496.18,38.347,232.13,38.887,18215,1174.2,289.38
4.3812,507.76,37.297,234.07,37.824,18181,1158.5,294.62
4.4312,519.43,36.17,235.96,36.645,18151,1140.9,299.75
4.4812,531.19,35.041,237.78,35.444,18125,1123.2,304.79
4.5312,543.04,33.891,239.55,34.247,18101,1105.5,309.72
4.5812,554.98,32.692,241.26,33.064,18077,1087.7,314.51
4.6312,567,31.445,242.91,31.904,18053,1070,319.14
4.6812,579.1,30.243,244.5,30.738,18029,1052.3,323.67
4.7312,591.27,29.102,246.03,29.556,18005,1034.6,328.06
4.7812,603.52,27.98,247.5,28.375,17981,1016.9,332.3
4.8312,615.84,26.846,248.91,27.207,17957,999.14,336.38
4.8812,628.23,25.685,250.27,26.055,17933,981.42,340.3
4.9312,640.69,24.484,251.57,24.931,17909,963.7,344.02
4.9812,653.21,23.345,252.81,23.791,17885,945.98,347.6
5.0312,665.78,22.262,253.99,22.631,17861,928.26,351.04
5.0812,678.42,21.147,255.12,21.5,17837,910.53,354.26
5.1312,691.11,20.032,256.19,20.376,17813,892.81,357.33
5.1812,703.85,18.917,257.2,19.261,17789,875.09,360.23
5.2312,716.64,17.813,258.16,18.15,17765,857.37,362.99
5.2812,729.47,16.67,259.06,17.08,17741,839.65,365.5
5.3312,742.35,15.592,259.91,15.98,17717,821.93,367.87
5.3812,755.27,14.565,260.7,14.856,17693,804.21,370.09
5.4312,768.22,13.523,261.44,13.754,17669,786.49,372.15
5.4812,781.21,12.434,262.13,12.686,17645,768.77,374.04
5.5312,794.23,11.297,262.76,11.676,17620,751.05,375.73
5.5812,807.29,10.184,263.34,10.693,17596,733.33,377.22
5.6312,820.36,9.172,263.86,9.6091,17572,715.61,378.53
5.6812,833.47,8.2085,264.33,8.487,17548,697.89,379.66
5.7312,846.59,7.2334,264.76,7.4029,17524,680.17,380.64
5.7812,859.74,6.3199,265.12,6.5183,17500,664.75,381.44
5.8312,872.9,5.795,265.45,6.3246,17479,658.01,382.01
5.8812,886.07,5.4232,265.75,6.0346,17460,652.09,382.55
5.9312,899.26,5.1612,266.04,5.5113,17443,646.18,383.07
5.9812,912.47,4.9044,266.3,5.044,17426,640.26,383.56
6.0312,925.68,4.5214,266.55,4.7433,17409,634.35,383.93
6.0812,938.91,3.5212,266.79,4.0726,17392,618.55,384.23
6.1312,952.15,0.47141,266.98,1.9421,17377,565.62,384.4
6.1812,965.39,-2.6768,267.01,2.889,17365,509.13,384.06
6.2312,978.63,-5.7814,266.89,5.7836,17355,452.64,383.17
6.2812,991.86,-8.9246,266.6,8.9283,17344,396.15,381.72
6.3312,1005.1,-12.064,266.16,12.075,17334,339.66,379.78
6.3812,1018.3,-15.206,265.56,15.217,17323,283.17,377.33
6.4312,1031.4,-18.301,264.81,18.317,17312,226.68,374.35
6.4812,1044.5,-20.881,263.9,20.946,17302,177.11,370.95
6.5312,1057.6,-21.986,262.86,22.077,17294,153.58,367.1
6.5812,1070.6,-22.986,261.77,23.071,17290,132.53,363.08
6.6312,1083.5,-24.009,260.62,24.07,17287,111.49,358.9
6.6812,1096.4,-24.974,259.42,25.041,17285,90.445,354.63
6.7312,1109.3,-25.894,258.18,25.99,17282,69.401,350.24
6.7812,1122,-26.794,256.89,26.934,17280,48.357,345.78
6.8312,1134.7,-27.771,255.55,27.895,17277,27.313,341.15
6.8812,1147.4,-28.579,254.16,28.673,17275,9.5105,336.4
6.9312,1159.9,-28.628,252.74,28.722,17273,3.8938,331.6
6.9812,1172.4,-28.524,251.31,28.641,17273,0.31289,326.85
# Event BURNOUT occurred at t=7.0312 seconds,,,,,,,
7.0312,1184.9,-28.219,249.88,28.374,17273,0,322.2
7.0812,1197.2,-27.942,248.47,28.106,17273,0,317.64
7.1312,1209.5,-27.747,247.07,27.863,17273,0,313.12
7.1812,1221.7,-27.571,245.69,27.639,17273,0,308.66
7.2312,1233.9,-27.306,244.32,27.38,17273,0,304.32
7.2812,1245.9,-26.977,242.95,27.102,17273,0,300.09
7.3312,1257.9,-26.674,241.61,26.846,17273,0,295.96
7.3812,1269.9,-26.471,240.27,26.615,17273,0,291.86
7.4312,1281.8,-26.312,238.95,26.406,17273,0,287.83
7.4812,1293.6,-26.112,237.63,26.19,17273,0,283.91
7.5312,1305.3,-25.874,236.33,25.96,17273,0,280.07
7.5812,1317,-25.651,235.04,25.738,17273,0,276.26
7.6312,1328.6,-25.427,233.76,25.516,17273,0,272.49
7.6812,1340.2,-25.187,232.49,25.292,17273,0,268.8
7.7312,1351.7,-24.94,231.23,25.072,17273,0,265.21
7.7812,1363.1,-24.736,229.99,24.867,17273,0,261.69
7.8312,1374.4,-24.578,228.75,24.679,17273,0,258.21
7.8812,1385.7,-24.433,227.52,24.503,17273,0,254.79
7.9312,1397,-24.263,226.3,24.32,17273,0,251.41
7.9812,1408.2,-24.041,225.09,24.113,17273,0,248.11
8.0312,1419.3,-23.812,223.89,23.907,17273,0,244.85
8.0812,1430.4,-23.582,222.71,23.707,17273,0,241.68
8.1312,1441.4,-23.38,221.53,23.521,17273,0,238.58
8.1812,1452.3,-23.25,220.35,23.356,17273,0,235.49
8.2312,1463.2,-23.135,219.19,23.205,17273,0,232.46
8.2812,1474,-23.021,218.04,23.063,17273,0,229.46
8.3312,1484.8,-22.836,216.89,22.883,17273,0,226.52
8.3812,1495.5,-22.631,215.76,22.694,17273,0,223.6
8.4312,1506.2,-22.417,214.63,22.507,17273,0,220.73
8.4812,1516.8,-22.222,213.51,22.332,17273,0,217.92
8.5312,1527.3,-22.055,212.4,22.169,17273,0,215.15
8.5812,1537.8,-21.892,211.29,22.012,17273,0,212.48
8.6312,1548.2,-21.773,210.2,21.869,17273,0,209.84
8.6812,1558.6,-21.681,209.11,21.743,17273,0,207.24
8.7312,1569,-21.579,208.03,21.62,17273,0,204.66
8.7812,1579.2,-21.434,206.95,21.473,17273,0,202.13
8.8312,1589.4,-21.275,205.88,21.319,17273,0,199.6
8.8812,1599.6,-21.092,204.83,21.154,17273,0,197.1
8.9312,1609.7,-20.881,203.77,20.984,17273,0,194.69
8.9812,1619.8,-20.727,202.73,20.84,17273,0,192.28
9.0312,1629.8,-20.596,201.69,20.705,17273,0,189.93
9.0812,1639.8,-20.481,200.66,20.578,17273,0,187.65
9.1312,1649.7,-20.407,199.64,20.469,17273,0,185.37
9.1812,1659.5,-20.335,198.62,20.371,17273,0,183.12
9.2312,1669.3,-20.218,197.6,20.25,17273,0,180.91
9.2812,1679.1,-20.053,196.6,20.101,17273,0,178.75
9.3312,1688.8,-19.91,195.6,19.965,17273,0,176.58
9.3812,1698.5,-19.771,194.61,19.833,17273,0,174.42
9.4312,1708.1,-19.616,193.62,19.696,17273,0,172.32
9.4813,1717.6,-19.484,192.64,19.571,17273,0,170.25
9.5313,1727.1,-19.379,191.67,19.457,17273,0,168.21
9.5813,1736.6,-19.285,190.7,19.35,17273,0,166.19
9.6313,1746,-19.19,189.74,19.245,17273,0,164.22
9.6813,1755.4,-19.095,188.78,19.141,17273,0,162.27
9.7313,1764.7,-18.977,187.83,19.026,17273,0,160.36
9.7813,1773.9,-18.85,186.88,18.908,17273,0,158.49
9.8313,1783.2,-18.724,185.94,18.791,17273,0,156.65
9.8813,1792.3,-18.628,185,18.689,17273,0,154.8
9.9313,1801.5,-18.537,184.07,18.591,17273,0,152.98
9.9813,1810.5,-18.46,183.15,18.501,17273,0,151.17
10.031,1819.6,-18.388,182.23,18.416,17273,0,149.35
10.081,1828.6,-18.281,181.32,18.31,17273,0,147.58
10.131,1837.5,-18.156,180.41,18.194,17273,0,145.82
10.181,1846.4,-18.018,179.5,18.072,17273,0,144.09
10.231,1855.3,-17.87,178.6,17.952,17273,0,142.42
10.281,1864.1,-17.756,177.71,17.849,17273,0,140.76
10.331,1872.8,-17.685,176.82,17.762,17273,0,139.11
10.381,1881.6,-17.624,175.94,17.683,17273,0,137.49
10.431,1890.2,-17.562,175.06,17.606,17273,0,135.9
10.481,1898.9,-17.498,174.18,17.531,17273,0,134.34
10.531,1907.5,-17.431,173.31,17.456,17273,0,132.79
10.581,1916,-17.335,172.45,17.362,17273,0,131.26
10.631,1924.5,-17.215,171.58,17.254,17273,0,129.77
10.681,1933,-17.102,170.73,17.153,17273,0,128.28
10.731,1941.4,-16.988,169.87,17.054,17273,0,126.83
10.781,1949.8,-16.909,169.02,16.972,17273,0,125.38
10.831,1958.1,-16.855,168.18,16.903,17273,0,123.92
10.881,1966.4,-16.792,167.34,16.831,17273,0,122.5
10.931,1974.6,-16.724,166.5,16.758,17273,0,121.1
10.981,1982.8,-16.659,165.67,16.687,17273,0,119.71
11.031,1991,-16.583,164.84,16.61,17273,0,118.33
11.081,1999.1,-16.492,164.02,16.522,17273,0,116.97
11.131,2007.2,-16.394,163.2,16.432,17273,0,115.63
11.181,2015.2,-16.305,162.38,16.348,17273,0,114.3
11.231,2023.2,-16.22,161.57,16.266,17273,0,112.99
11.281,2031.2,-16.133,160.76,16.185,17273,0,111.71
11.331,2039.1,-16.048,159.95,16.106,17273,0,110.45
11.381,2047,-15.982,159.15,16.036,17273,0,109.21
11.431,2054.8,-15.917,158.36,15.968,17273,0,107.99
11.481,2062.6,-15.887,157.56,15.92,17273,0,106.75
11.531,2070.4,-15.835,156.77,15.862,17273,0,105.55
11.581,2078.1,-15.76,155.98,15.789,17273,0,104.39
11.631,2085.8,-15.673,155.2,15.71,17273,0,103.25
11.681,2093.4,-15.618,154.42,15.649,17273,0,102.08
11.731,2101,-15.577,153.64,15.599,17273,0,100.9
11.781,2108.6,-15.521,152.87,15.54,17273,0,99.748
11.831,2116.1,-15.448,152.1,15.469,17273,0,98.608
11.881,2123.6,-15.345,151.33,15.379,17273,0,97.511
11.931,2131,-15.251,150.57,15.297,17273,0,96.421
11.981,2138.4,-15.179,149.81,15.229,17273,0,95.327
12.031,2145.8,-15.1,149.05,15.158,17273,0,94.275
12.081,2153.1,-15.047,148.3,15.101,17273,0,93.217
12.131,2160.4,-15.022,147.54,15.06,17273,0,92.148
12.181,2167.7,-15.004,146.8,15.026,17273,0,91.089
12.231,2174.9,-14.977,146.05,14.99,17273,0,90.045
12.281,2182.1,-14.921,145.31,14.933,17273,0,89.027
12.331,2189.2,-14.841,144.57,14.859,17273,0,88.029
12.381,2196.4,-14.75,143.83,14.777,17273,0,87.048
12.431,2203.4,-14.672,143.1,14.707,17273,0,86.064
12.481,2210.5,-14.605,142.37,14.643,17273,0,85.084
12.531,2217.5,-14.549,141.64,14.587,17273,0,84.109
12.581,2224.4,-14.508,140.92,14.54,17273,0,83.132
12.631,2231.3,-14.468,140.2,14.494,17273,0,82.169
12.681,2238.2,-14.415,139.48,14.441,17273,0,81.232
12.731,2245.1,-14.354,138.76,14.382,17273,0,80.316
12.781,2251.9,-14.29,138.05,14.322,17273,0,79.417
12.831,2258.7,-14.225,137.34,14.262,17273,0,78.536
12.881,2265.4,-14.176,136.63,14.212,17273,0,77.653
12.931,2272.1,-14.149,135.92,14.176,17273,0,76.756
12.981,2278.8,-14.118,135.22,14.139,17273,0,75.876
13.031,2285.5,-14.085,134.52,14.101,17273,0,75.004
13.081,2292.1,-14.042,133.82,14.056,17273,0,74.144
13.131,2298.6,-13.984,133.13,14,17273,0,73.302
13.181,2305.2,-13.929,132.43,13.946,17273,0,72.459
13.231,2311.7,-13.864,131.74,13.886,17273,0,71.632
13.281,2318.1,-13.78,131.06,13.814,17273,0,70.844
13.331,2324.6,-13.723,130.37,13.761,17273,0,70.04
13.381,2331,-13.699,129.69,13.728,17273,0,69.208
13.431,2337.3,-13.659,129.01,13.686,17273,0,68.412
13.481,2343.7,-13.611,128.33,13.639,17273,0,67.641
13.531,2349.9,-13.57,127.65,13.596,17273,0,66.872
13.581,2356.2,-13.536,126.98,13.559,17273,0,66.106
13.631,2362.4,-13.509,126.31,13.527,17273,0,65.34
13.681,2368.6,-13.471,125.64,13.488,17273,0,64.593
13.731,2374.8,-13.451,124.97,13.462,17273,0,63.828
13.781,2380.9,-13.418,124.31,13.427,17273,0,63.077
13.831,2387,-13.373,123.64,13.382,17273,0,62.335
13.881,2393.1,-13.314,122.98,13.327,17273,0,61.608
13.931,2399.1,-13.25,122.32,13.267,17273,0,60.892
13.981,2405.1,-13.194,121.67,13.215,17273,0,60.173
14.031,2411,-13.136,121.01,13.162,17273,0,59.471
14.081,2417,-13.086,120.36,13.115,17273,0,58.771
14.131,2422.9,-13.024,119.71,13.061,17273,0,58.106
14.181,2428.7,-12.977,119.06,13.017,17273,0,57.441
14.231,2434.5,-12.943,118.42,12.981,17273,0,56.778
14.281,2440.3,-12.925,117.77,12.955,17273,0,56.11
14.331,2446.1,-12.904,117.13,12.929,17273,0,55.462
14.381,2451.8,-12.892,116.49,12.91,17273,0,54.814
14.431,2457.5,-12.866,115.86,12.881,17273,0,54.192
14.481,2463.2,-12.841,115.22,12.854,17273,0,53.572
14.531,2468.8,-12.822,114.58,12.832,17273,0,52.948
14.581,2474.4,-12.803,113.95,12.809,17273,0,52.323
14.631,2480,-12.78,113.32,12.784,17273,0,51.699
14.681,2485.5,-12.743,112.69,12.747,17273,0,51.083
14.731,2491.1,-12.694,112.07,12.7,17273,0,50.474
14.781,2496.5,-12.636,111.44,12.646,17273,0,49.875
14.831,2502,-12.579,110.82,12.593,17273,0,49.281
14.881,2507.4,-12.534,110.2,12.551,17273,0,48.679
14.931,2512.8,-12.474,109.58,12.498,17273,0,48.107
14.981,2518.1,-12.42,108.96,12.45,17273,0,47.543
15.031,2523.4,-12.378,108.34,12.41,17273,0,46.978
15.081,2528.7,-12.331,107.73,12.368,17273,0,46.439
15.131,2534,-12.317,107.12,12.348,17273,0,45.867
15.181,2539.2,-12.306,106.51,12.33,17273,0,45.307
15.231,2544.4,-12.298,105.9,12.315,17273,0,44.756
15.281,2549.6,-12.287,105.29,12.3,17273,0,44.217
15.331,2554.7,-12.279,104.68,12.288,17273,0,43.679
15.381,2559.8,-12.264,104.08,12.27,17273,0,43.151
15.431,2564.9,-12.241,103.48,12.246,17273,0,42.631
15.481,2569.9,-12.213,102.87,12.218,17273,0,42.112
15.531,2574.9,-12.173,102.27,12.179,17273,0,41.606
15.581,2579.9,-12.13,101.68,12.139,17273,0,41.102
15.631,2584.9,-12.094,101.08,12.103,17273,0,40.593
15.681,2589.8,-12.046,100.49,12.059,17273,0,40.101
15.731,2594.7,-11.999,99.892,12.015,17273,0,39.617
15.781,2599.5,-11.959,99.3,11.977,17273,0,39.132
15.831,2604.4,-11.905,98.71,11.931,17273,0,38.677
15.881,2609.2,-11.866,98.122,11.895,17273,0,38.216
15.931,2613.9,-11.852,97.535,11.877,17273,0,37.731
15.981,2618.7,-11.85,96.949,11.868,17273,0,37.242
16.031,2623.4,-11.846,96.365,11.859,17273,0,36.763
16.081,2628.1,-11.832,95.782,11.842,17273,0,36.305
16.131,2632.7,-11.815,95.201,11.823,17273,0,35.854
16.181,2637.3,-11.789,94.62,11.798,17273,0,35.415
16.231,2641.9,-11.772,94.042,11.78,17273,0,34.969
16.281,2646.5,-11.751,93.465,11.758,17273,0,34.528
16.331,2651,-11.726,92.889,11.733,17273,0,34.092
16.381,2655.5,-11.713,92.314,11.718,17273,0,33.643
16.431,2660,-11.704,91.741,11.707,17273,0,33.19
16.481,2664.5,-11.667,91.17,11.672,17273,0,32.764
16.531,2668.9,-11.623,90.599,11.629,17273,0,32.348
16.581,2673.3,-11.581,90.031,11.59,17273,0,31.931
16.631,2677.6,-11.541,89.463,11.553,17273,0,31.518
16.681,2682,-11.507,88.897,11.52,17273,0,31.104
16.731,2686.3,-11.47,88.333,11.485,17273,0,30.703
16.781,2690.5,-11.434,87.769,11.452,17273,0,30.308
16.831,2694.8,-11.412,87.207,11.43,17273,0,29.902
16.881,2699,-11.385,86.647,11.403,17273,0,29.514
16.931,2703.2,-11.353,86.087,11.374,17273,0,29.141
16.981,2707.3,-11.325,85.529,11.347,17273,0,28.774
17.031,2711.5,-11.305,84.972,11.326,17273,0,28.406
17.081,2715.6,-11.295,84.417,11.313,17273,0,28.032
17.131,2719.7,-11.289,83.862,11.304,17273,0,27.661
17.181,2723.7,-11.297,83.309,11.307,17273,0,27.278
17.231,2727.7,-11.306,82.757,11.312,17273,0,26.9
17.281,2731.7,-11.318,82.206,11.32,17273,0,26.524
17.331,2735.7,-11.316,81.656,11.317,17273,0,26.162
17.381,2739.6,-11.297,81.107,11.298,17273,0,25.813
17.431,2743.5,-11.273,80.56,11.274,17273,0,25.465
17.481,2747.4,-11.239,80.014,11.241,17273,0,25.126
17.531,2751.2,-11.19,79.469,11.195,17273,0,24.801
17.581,2755.1,-11.159,78.925,11.165,17273,0,24.461
17.631,2758.8,-11.139,78.383,11.145,17273,0,24.11
17.681,2762.6,-11.115,77.841,11.121,17273,0,23.765
17.731,2766.3,-11.076,77.301,11.085,17273,0,23.442
17.781,2770.1,-11.054,76.763,11.063,17273,0,23.103
17.831,2773.7,-11.032,76.225,11.041,17273,0,22.768
17.881,2777.4,-11,75.689,11.011,17273,0,22.451
17.931,2781,-10.97,75.154,10.982,17273,0,22.139
17.981,2784.6,-10.946,74.62,10.959,17273,0,21.825
18.031,2788.2,-10.91,74.087,10.926,17273,0,21.537
18.081,2791.7,-10.885,73.556,10.902,17273,0,21.24
18.131,2795.3,-10.876,73.025,10.891,17273,0,20.927
18.181,2798.7,-10.869,72.496,10.882,17273,0,20.619
18.231,2802.2,-10.872,71.967,10.882,17273,0,20.302
18.281,2805.6,-10.886,71.44,10.892,17273,0,19.977
18.331,2809.1,-10.876,70.914,10.881,17273,0,19.687
18.381,2812.4,-10.862,70.389,10.867,17273,0,19.404
18.431,2815.8,-10.844,69.865,10.849,17273,0,19.128
18.481,2819.1,-10.824,69.342,10.829,17273,0,18.857
18.531,2822.4,-10.832,68.82,10.835,17273,0,18.553
18.581,2825.7,-10.832,68.299,10.834,17273,0,18.261
18.631,2828.9,-10.818,67.779,10.82,17273,0,17.984
18.681,2832.2,-10.8,67.261,10.802,17273,0,17.71
18.731,2835.3,-10.772,66.743,10.775,17273,0,17.448
18.781,2838.5,-10.744,66.227,10.748,17273,0,17.188
18.831,2841.7,-10.722,65.712,10.726,17273,0,16.922
18.881,2844.8,-10.696,65.198,10.701,17273,0,16.664
18.931,2847.8,-10.673,64.685,10.679,17273,0,16.405
18.981,2850.9,-10.651,64.174,10.658,17273,0,16.148
19.031,2853.9,-10.627,63.663,10.634,17273,0,15.899
19.081,2856.9,-10.614,63.154,10.62,17273,0,15.638
19.131,2859.9,-10.603,62.645,10.609,17273,0,15.378
19.181,2862.9,-10.57,62.138,10.578,17273,0,15.152
19.231,2865.8,-10.561,61.632,10.568,17273,0,14.898
19.281,2868.7,-10.55,61.127,10.557,17273,0,14.65
19.331,2871.6,-10.517,60.623,10.526,17273,0,14.439
19.381,2874.4,-10.501,60.121,10.51,17273,0,14.207
19.431,2877.2,-10.492,59.619,10.5,17273,0,13.97
19.481,2880,-10.474,59.118,10.483,17273,0,13.751
19.531,2882.8,-10.465,58.619,10.473,17273,0,13.523
19.581,2885.5,-10.452,58.121,10.46,17273,0,13.307
19.631,2888.3,-10.461,57.623,10.467,17273,0,13.061
19.681,2890.9,-10.465,57.127,10.469,17273,0,12.827
19.731,2893.6,-10.453,56.632,10.458,17273,0,12.616
19.781,2896.2,-10.447,56.138,10.451,17273,0,12.401
19.831,2898.9,-10.44,55.645,10.444,17273,0,12.189
19.881,2901.4,-10.432,55.154,10.435,17273,0,11.979
19.931,2904,-10.43,54.663,10.433,17273,0,11.764
19.981,2906.5,-10.422,54.174,10.424,17273,0,11.558
20.031,2909,-10.414,53.686,10.416,17273,0,11.352
20.081,2911.5,-10.422,53.199,10.424,17273,0,11.127
20.131,2914,-10.415,52.713,10.416,17273,0,10.921
20.181,2916.4,-10.388,52.228,10.389,17273,0,10.738
20.231,2918.8,-10.363,51.745,10.365,17273,0,10.554
20.281,2921.2,-10.355,51.263,10.357,17273,0,10.35
20.331,2923.5,-10.341,50.782,10.343,17273,0,10.156
20.381,2925.9,-10.313,50.303,10.316,17273,0,9.9843
20.431,2928.2,-10.293,49.825,10.296,17273,0,9.8044
20.481,2930.4,-10.274,49.348,10.278,17273,0,9.6251
20.531,2932.7,-10.257,48.873,10.261,17273,0,9.4475
20.581,2934.9,-10.231,48.398,10.236,17273,0,9.2849
20.631,2937.1,-10.208,47.926,10.214,17273,0,9.1228
20.681,2939.3,-10.191,47.454,10.197,17273,0,8.9565
20.731,2941.4,-10.164,46.984,10.172,17273,0,8.8095
20.781,2943.5,-10.138,46.515,10.147,17273,0,8.6668
20.831,2945.6,-10.125,46.047,10.134,17273,0,8.5076
20.881,2947.7,-10.114,45.581,10.123,17273,0,8.3491
20.931,2949.7,-10.107,45.116,10.116,17273,0,8.1876
20.981,2951.8,-10.098,44.653,10.106,17273,0,8.0355
21.031,2953.7,-10.097,44.191,10.104,17273,0,7.8722
21.081,2955.7,-10.096,43.731,10.102,17273,0,7.7135
21.131,2957.7,-10.088,43.272,10.095,17273,0,7.5687
21.181,2959.6,-10.083,42.814,10.089,17273,0,7.4234
21.231,2961.5,-10.09,42.358,10.095,17273,0,7.2613
21.281,2963.3,-10.085,41.904,10.09,17273,0,7.1225
21.331,2965.2,-10.088,41.451,10.092,17273,0,6.9716
21.381,2967,-10.105,41,10.108,17273,0,6.8032
21.431,2968.8,-10.105,40.55,10.107,17273,0,6.6621
21.481,2970.6,-10.104,40.102,10.106,17273,0,6.5232
21.531,2972.3,-10.103,39.656,10.105,17273,0,6.3865
21.581,2974,-10.09,39.212,10.092,17273,0,6.2675
21.631,2975.7,-10.079,38.77,10.081,17273,0,6.1466
21.681,2977.4,-10.073,38.329,10.075,17273,0,6.02
21.731,2979,-10.072,37.891,10.074,17273,0,5.887
21.781,2980.6,-10.071,37.454,10.073,17273,0,5.7541
21.831,2982.2,-10.061,37.02,10.062,17273,0,5.6365
21.881,2983.8,-10.043,36.588,10.045,17273,0,5.5302
21.931,2985.3,-10.037,36.158,10.039,17273,0,5.4078
21.981,2986.8,-10.028,35.73,10.03,17273,0,5.2909
22.031,2988.3,-10.027,35.304,10.029,17273,0,5.1623
22.081,2989.8,-10.023,34.881,10.025,17273,0,5.0397
22.131,2991.2,-10.014,34.46,10.015,17273,0,4.926
22.181,2992.6,-10.007,34.042,10.008,17273,0,4.809
22.231,2994,-9.9998,33.626,10.001,17273,0,4.6936
22.281,2995.4,-9.9779,33.213,9.9797,17273,0,4.6028
22.331,2996.7,-9.9525,32.803,9.9549,17273,0,4.5208
22.381,2998,-9.9411,32.396,9.9435,17273,0,4.4174
22.431,2999.3,-9.94,31.991,9.9422,17273,0,4.2974
22.481,3000.6,-9.9306,31.59,9.9328,17273,0,4.1936
22.531,3001.8,-9.9168,31.191,9.9192,17273,0,4.0993
22.581,3003.1,-9.9038,30.796,9.9062,17273,0,4.0058
22.631,3004.2,-9.8857,30.404,9.8885,17273,0,3.924
22.681,3005.4,-9.8802,30.015,9.8829,17273,0,3.8205
22.731,3006.6,-9.8695,29.63,9.8723,17273,0,3.7287
22.781,3007.7,-9.8587,29.248,9.8615,17273,0,3.6394
22.831,3008.8,-9.85,28.87,9.8528,17273,0,3.548
22.881,3009.8,-9.8403,28.496,9.8431,17273,0,3.4606
22.931,3010.9,-9.8205,28.126,9.8237,17273,0,3.3961
22.981,3011.9,-9.8006,27.76,9.8041,17273,0,3.3353
23.031,3012.9,-9.7789,27.398,9.7829,17273,0,3.2815
23.081,3013.8,-9.7578,27.04,9.7622,17273,0,3.2301
23.131,3014.8,-9.7424,26.686,9.747,17273,0,3.1691
23.181,3015.7,-9.7234,26.338,9.7283,17273,0,3.1196
23.231,3016.6,-9.7089,25.994,9.7141,17273,0,3.0627
23.281,3017.5,-9.6977,25.654,9.7029,17273,0,3.0011
23.331,3018.3,-9.6902,25.32,9.6953,17273,0,2.9338
23.381,3019.2,-9.6891,24.991,9.6939,17273,0,2.8536
23.431,3020,-9.6844,24.668,9.689,17273,0,2.7842
23.481,3020.7,-9.6763,24.351,9.6809,17273,0,2.7251
23.531,3021.5,-9.6734,24.039,9.6777,17273,0,2.6559
23.581,3022.2,-9.6645,23.734,9.6688,17273,0,2.6031
23.631,3022.9,-9.6592,23.435,9.6634,17273,0,2.544
23.681,3023.6,-9.6589,23.142,9.6628,17273,0,2.4743
23.731,3024.2,-9.6525,22.856,9.6562,17273,0,2.4217
23.781,3024.9,-9.6478,22.578,9.6514,17273,0,2.3664
23.831,3025.5,-9.6395,22.306,9.643,17273,0,2.3223
23.881,3026.1,-9.6234,22.043,9.6271,17273,0,2.3002
23.931,3026.6,-9.6061,21.786,9.61,17273,0,2.2836
23.981,3027.1,-9.5954,21.538,9.5992,17273,0,2.2527
24.031,3027.7,-9.5956,21.298,9.5992,17273,0,2.1947
24.081,3028.1,-9.5938,21.067,9.5971,17273,0,2.1435
24.131,3028.6,-9.5809,20.845,9.5842,17273,0,2.1242
24.181,3029,-9.5715,20.631,9.5747,17273,0,2.0976
24.231,3029.5,-9.5637,20.427,9.5669,17273,0,2.0687
24.281,3029.8,-9.554,20.233,9.5571,17273,0,2.0472
24.331,3030.2,-9.5457,20.048,9.5486,17273,0,2.0242
24.381,3030.5,-9.5326,19.873,9.5356,17273,0,2.0171
24.431,3030.9,-9.5258,19.709,9.5286,17273,0,1.9946
24.481,3031.2,-9.5232,19.556,9.5259,17273,0,1.9613
24.531,3031.4,-9.5172,19.413,9.5197,17273,0,1.9407
24.581,3031.7,-9.5041,19.281,9.5065,17273,0,1.9451
24.631,3031.9,-9.4946,19.161,9.4969,17273,0,1.9417
24.681,3032.1,-9.4905,19.051,9.4927,17273,0,1.9236
24.731,3032.3,-9.4887,18.954,9.4907,17273,0,1.9004
24.781,3032.4,-9.4804,18.868,9.4823,17273,0,1.9034
24.831,3032.6,-9.4727,18.795,9.4745,17273,0,1.9089
24.881,3032.7,-9.4672,18.733,9.4688,17273,0,1.9118
24.931,3032.7,-9.461,18.684,9.4625,17273,0,1.9236
24.981,3032.8,-9.4609,18.647,9.4623,17273,0,1.9147
25.031,3032.8,-9.4624,18.622,9.4636,17273,0,1.9035
25.081,3032.8,-9.4667,18.609,9.4677,17273,0,1.8814
# Event APOGEE occurred at t=25.131 seconds,,,,,,,
25.131,3032.8,-9.4689,18.61,9.4699,17273,0,1.875
25.181,3032.8,-9.4703,18.622,9.4712,17273,0,1.8827
25.231,3032.7,-9.473,18.647,9.4737,17273,0,1.8942
25.281,3032.6,-9.4786,18.685,9.4793,17273,0,1.8923
25.331,3032.5,-9.4848,18.734,9.4854,17273,0,1.9009
25.381,3032.4,-9.4926,18.796,9.4931,17273,0,1.913
25.431,3032.2,-9.5023,18.871,9.5027,17273,0,1.9192
25.481,3032.1,-9.513,18.957,9.5134,17273,0,1.914
25.531,3031.9,-9.5246,19.055,9.5249,17273,0,1.912
25.581,3031.6,-9.5371,19.165,9.5374,17273,0,1.9128
25.631,3031.4,-9.5508,19.286,9.551,17273,0,1.9168
25.681,3031.1,-9.5657,19.419,9.566,17273,0,1.9246
25.731,3030.8,-9.581,19.562,9.5812,17273,0,1.9301
25.781,3030.5,-9.5961,19.717,9.5963,17273,0,1.9335
25.831,3030.1,-9.6145,19.882,9.6147,17273,0,1.95
25.881,3029.8,-9.6344,20.058,9.6347,17273,0,1.9709
25.931,3029.4,-9.655,20.244,9.6552,17273,0,1.9933
25.981,3029,-9.6737,20.44,9.6741,17273,0,2.0109
26.031,3028.5,-9.693,20.645,9.6934,17273,0,2.0324
26.081,3028,-9.7144,20.86,9.7149,17273,0,2.0632
26.131,3027.5,-9.7371,21.083,9.7377,17273,0,2.1018
26.181,3027,-9.7581,21.315,9.7589,17273,0,2.1381
26.231,3026.5,-9.7798,21.556,9.7808,17273,0,2.1789
26.281,3025.9,-9.8084,21.805,9.8097,17273,0,2.2409
26.331,3025.3,-9.8353,22.062,9.8371,17273,0,2.3016
26.381,3024.7,-9.8577,22.326,9.86,17273,0,2.3546
26.431,3024.1,-9.8688,22.597,9.8714,17273,0,2.3838
26.481,3023.4,-9.8776,22.876,9.8806,17273,0,2.4123
26.531,3022.7,-9.9012,23.162,9.905,17273,0,2.4819
26.581,3022,-9.9227,23.453,9.9274,17273,0,2.5513
26.631,3021.3,-9.9443,23.751,9.9502,17273,0,2.6259
26.681,3020.5,-9.963,24.055,9.97,17273,0,2.6984
26.731,3019.7,-9.9816,24.365,9.9901,17273,0,2.7764
26.781,3018.9,-10.002,24.68,10.012,17273,0,2.8645
26.831,3018.1,-10.026,25,10.038,17273,0,2.9659
26.881,3017.2,-10.049,25.325,10.064,17273,0,3.0723
26.931,3016.3,-10.066,25.655,10.083,17273,0,3.1678
26.981,3015.4,-10.089,25.989,10.11,17273,0,3.2855
27.031,3014.5,-10.12,26.327,10.146,17273,0,3.4295
27.081,3013.5,-10.135,26.67,10.164,17273,0,3.539
27.131,3012.5,-10.138,27.016,10.17,17273,0,3.6254
27.181,3011.5,-10.13,27.367,10.163,17273,0,3.6895
27.231,3010.5,-10.123,27.722,10.158,17273,0,3.7609
27.281,3009.4,-10.122,28.08,10.16,17273,0,3.8544
27.331,3008.3,-10.125,28.442,10.166,17273,0,3.9615
27.381,3007.2,-10.133,28.808,10.178,17273,0,4.0871
27.431,3006.1,-10.12,29.177,10.165,17273,0,4.1633
27.481,3004.9,-10.101,29.549,10.145,17273,0,4.2255
27.531,3003.7,-10.082,29.926,10.125,17273,0,4.2949
27.581,3002.5,-10.054,30.305,10.095,17273,0,4.3441
27.631,3001.2,-10.023,30.688,10.06,17273,0,4.3871
27.681,3.00E+03,-9.9833,31.074,10.016,17273,0,4.4132
27.731,2998.7,-9.954,31.464,9.9839,17273,0,4.472
27.781,2997.4,-9.9228,31.856,9.9495,17273,0,4.5322
27.831,2996,-9.883,32.251,9.9055,17273,0,4.5767
27.881,2994.7,-9.847,32.649,9.8662,17273,0,4.6399
27.931,2993.3,-9.8059,33.05,9.8214,17273,0,4.6995
27.981,2991.9,-9.7596,33.453,9.7714,17273,0,4.7577
28.031,2990.4,-9.7158,33.858,9.7247,17273,0,4.834
28.081,2989,-9.6628,34.264,9.6687,17273,0,4.9039
28.131,2987.5,-9.6075,34.673,9.6109,17273,0,4.9849
28.181,2986,-9.5556,35.083,9.5574,17273,0,5.0877
28.231,2984.4,-9.4943,35.494,9.4948,17273,0,5.1933
28.281,2982.9,-9.4264,35.906,9.4264,17273,0,5.3118
28.331,2981.3,-9.3624,36.319,9.3627,17273,0,5.4495
28.381,2979.7,-9.306,36.732,9.3071,17273,0,5.6011
28.431,2978,-9.2456,37.145,9.2482,17273,0,5.7556
28.481,2976.4,-9.1882,37.559,9.1927,17273,0,5.9135
28.531,2974.7,-9.1234,37.973,9.1309,17273,0,6.0706
28.581,2973,-9.0808,38.387,9.0904,17273,0,6.2285
28.631,2971.3,-9.0428,38.801,9.0544,17273,0,6.382
28.681,2969.5,-9.0029,39.215,9.0172,17273,0,6.5296
28.731,2967.8,-8.9782,39.63,8.9941,17273,0,6.67
28.781,2966,-8.949,40.044,8.9674,17273,0,6.8031
28.831,2964.2,-8.9324,40.459,8.9523,17273,0,6.9269
28.881,2962.3,-8.9308,40.875,8.9509,17273,0,7.0407
28.931,2960.5,-8.9481,41.291,8.9666,17273,0,7.1441
28.981,2958.6,-8.9843,41.709,8.9995,17273,0,7.2389
29.031,2956.7,-9.0099,42.128,9.023,17273,0,7.3277
29.081,2954.8,-9.0522,42.547,9.0621,17273,0,7.4113
29.131,2952.8,-9.0958,42.968,9.1027,17273,0,7.4923
29.181,2950.9,-9.1495,43.391,9.1533,17273,0,7.5751
29.231,2948.9,-9.2179,43.814,9.2189,17273,0,7.67
29.281,2946.9,-9.2918,44.239,9.2918,17273,0,7.7862
29.331,2944.8,-9.3435,44.665,9.3445,17273,0,7.9057
29.381,2942.8,-9.3906,45.091,9.3939,17273,0,8.0408
29.431,2940.7,-9.4372,45.518,9.4449,17273,0,8.197
29.481,2938.6,-9.4863,45.946,9.5013,17273,0,8.3829
29.531,2936.4,-9.5197,46.373,9.5425,17273,0,8.5599
29.581,2934.3,-9.5531,46.801,9.5861,17273,0,8.7586
29.631,2932.1,-9.5828,47.228,9.6281,17273,0,8.9701
29.681,2929.9,-9.599,47.656,9.6549,17273,0,9.163
29.731,2927.7,-9.6158,48.083,9.6844,17273,0,9.3743
29.781,2925.4,-9.6262,48.51,9.7065,17273,0,9.5804
29.831,2923.1,-9.6224,48.937,9.7086,17273,0,9.7514
29.881,2920.8,-9.6099,49.364,9.6975,17273,0,9.9015
29.931,2918.5,-9.5958,49.791,9.6834,17273,0,10.054
29.981,2916.2,-9.5809,50.219,9.6675,17273,0,10.212
30.031,2913.8,-9.5573,50.648,9.638,17273,0,10.349
30.081,2911.4,-9.5209,51.077,9.5896,17273,0,10.456
30.131,2909,-9.4786,51.507,9.5341,17273,0,10.562
30.181,2906.5,-9.4307,51.938,9.4727,17273,0,10.673
30.231,2904.1,-9.3798,52.37,9.4097,17273,0,10.798
30.281,2901.6,-9.3208,52.802,9.3394,17273,0,10.929
30.331,2899.1,-9.2585,53.234,9.2684,17273,0,11.08
30.381,2896.5,-9.191,53.666,9.1949,17273,0,11.25
30.431,2894,-9.1216,54.098,9.1222,17273,0,11.442
30.481,2891.4,-9.0436,54.53,9.0438,17273,0,11.65
30.531,2888.8,-8.9631,54.961,8.9661,17273,0,11.875
30.581,2886.2,-8.8806,55.39,8.8895,17273,0,12.11
30.631,2883.5,-8.8075,55.819,8.8239,17273,0,12.35
30.681,2880.8,-8.7402,56.246,8.7652,17273,0,12.587
30.731,2878.1,-8.6765,56.672,8.7114,17273,0,12.817
30.781,2875.4,-8.6391,57.098,8.6797,17273,0,13.031
30.831,2872.7,-8.6097,57.522,8.6552,17273,0,13.229
30.881,2869.9,-8.6177,57.947,8.6595,17273,0,13.403
30.931,2867.2,-8.6509,58.371,8.684,17273,0,13.559
30.981,2864.4,-8.6885,58.796,8.7132,17273,0,13.705
31.031,2861.5,-8.7417,59.221,8.7568,17273,0,13.844
31.081,2858.7,-8.8222,59.648,8.827,17273,0,13.992
31.131,2855.8,-8.8967,60.075,8.897,17273,0,14.156
31.181,2852.9,-8.9636,60.502,8.9649,17273,0,14.341
31.231,2850,-9.017,60.93,9.0238,17273,0,14.541
31.281,2847.1,-9.0649,61.357,9.0816,17273,0,14.763
31.331,2844.1,-9.1098,61.785,9.1414,17273,0,15.011
31.381,2841.1,-9.1423,62.212,9.1907,17273,0,15.262
31.431,2838.1,-9.1626,62.638,9.2272,17273,0,15.509
31.481,2835.1,-9.1752,63.064,9.255,17273,0,15.757
31.531,2832.1,-9.1933,63.489,9.2941,17273,0,16.043
31.581,2829,-9.1828,63.914,9.2876,17273,0,16.258
31.631,2825.9,-9.1646,64.338,9.2675,17273,0,16.462
31.681,2822.8,-9.1316,64.763,9.2225,17273,0,16.635
31.731,2819.6,-9.0828,65.187,9.1533,17273,0,16.779
31.781,2816.5,-9.0343,65.612,9.0872,17273,0,16.948
31.831,2813.3,-8.9797,66.037,9.0159,17273,0,17.126
31.881,2810.1,-8.9102,66.461,8.9292,17273,0,17.301
31.931,2806.9,-8.8384,66.885,8.8459,17273,0,17.502
31.981,2803.6,-8.7596,67.309,8.7607,17273,0,17.723
32.031,2800.3,-8.6767,67.731,8.6772,17273,0,17.965
32.081,2797,-8.6043,68.153,8.6086,17273,0,18.228
32.131,2793.7,-8.5321,68.573,8.5439,17273,0,18.493
32.181,2790.4,-8.4616,68.992,8.4843,17273,0,18.757
32.231,2787,-8.4095,69.409,8.4415,17273,0,19.011
32.281,2783.6,-8.3853,69.826,8.4204,17273,0,19.249
32.331,2780.2,-8.3879,70.242,8.4192,17273,0,19.469
32.381,2776.8,-8.4078,70.658,8.4316,17273,0,19.672
32.431,2773.4,-8.4388,71.074,8.4541,17273,0,19.866
32.481,2769.9,-8.488,71.49,8.494,17273,0,20.059
32.531,2766.4,-8.54,71.907,8.5407,17273,0,20.258
32.581,2762.9,-8.5887,72.324,8.5894,17273,0,20.467
32.631,2759.4,-8.6385,72.74,8.6452,17273,0,20.7
32.681,2755.8,-8.6888,73.156,8.7098,17273,0,20.965
32.731,2752.3,-8.7166,73.572,8.7525,17273,0,21.22
32.781,2748.7,-8.7308,73.988,8.7805,17273,0,21.471
32.831,2745,-8.7365,74.402,8.7983,17273,0,21.723
32.881,2741.4,-8.7402,74.816,8.8151,17273,0,21.988
32.931,2737.8,-8.7458,75.229,8.8367,17273,0,22.277
32.981,2734.1,-8.7388,75.642,8.8373,17273,0,22.55
33.031,2730.4,-8.714,76.054,8.8058,17273,0,22.787
33.081,2726.6,-8.6763,76.466,8.7522,17273,0,23.007
33.131,2722.9,-8.6247,76.878,8.6782,17273,0,23.214
33.181,2719.1,-8.5674,77.289,8.6005,17273,0,23.434
33.231,2715.3,-8.4942,77.7,8.5079,17273,0,23.653
33.281,2711.5,-8.4127,78.11,8.4149,17273,0,23.893
33.331,2707.7,-8.3374,78.519,8.3376,17273,0,24.164
33.381,2703.8,-8.2718,78.927,8.2754,17273,0,24.452
33.431,2700,-8.2182,79.333,8.227,17273,0,24.744
33.481,2696.1,-8.1725,79.739,8.1872,17273,0,25.03
33.531,2692.2,-8.1403,80.144,8.159,17273,0,25.306
33.581,2688.2,-8.1153,80.548,8.137,17273,0,25.567
33.631,2684.3,-8.1184,80.951,8.1357,17273,0,25.815
33.681,2680.3,-8.1431,81.354,8.1522,17273,0,26.055
33.731,2676.3,-8.1779,81.756,8.1802,17273,0,26.294
33.781,2672.3,-8.2103,82.159,8.2103,17273,0,26.534
33.831,2668.2,-8.2416,82.561,8.2438,17273,0,26.781
33.881,2664.2,-8.2678,82.963,8.2762,17273,0,27.035
33.931,2660.1,-8.2896,83.365,8.3081,17273,0,27.298
33.981,2656,-8.31,83.766,8.3431,17273,0,27.578
34.031,2651.9,-8.325,84.166,8.3754,17273,0,27.87
34.081,2647.7,-8.3318,84.565,8.3985,17273,0,28.165
34.131,2643.6,-8.3403,84.963,8.4283,17273,0,28.486
34.181,2639.4,-8.336,85.361,8.4364,17273,0,28.795
34.231,2635.2,-8.3034,85.758,8.3901,17273,0,29.046
34.281,2631,-8.2575,86.155,8.3215,17273,0,29.284
34.331,2626.7,-8.213,86.551,8.2587,17273,0,29.547
34.381,2622.5,-8.1686,86.946,8.2,17273,0,29.83
34.431,2618.2,-8.1138,87.341,8.1303,17273,0,30.114
34.481,2613.9,-8.0553,87.735,8.0614,17273,0,30.409
34.531,2609.6,-7.9973,88.128,7.9982,17273,0,30.718
34.581,2605.2,-7.9184,88.52,7.92,17273,0,31.019
34.631,2600.8,-7.844,88.91,7.855,17273,0,31.328
34.681,2596.5,-7.7875,89.299,7.8094,17273,0,31.637
34.731,2592.1,-7.761,89.687,7.7861,17273,0,31.934
34.781,2587.6,-7.7501,90.074,7.7738,17273,0,32.213
34.831,2583.2,-7.7636,90.461,7.7786,17273,0,32.478
34.881,2578.7,-7.8073,90.847,7.8103,17273,0,32.745
34.931,2574.2,-7.8548,91.233,7.8552,17273,0,33.022
34.981,2569.7,-7.8885,91.619,7.8954,17273,0,33.303
35.031,2565.2,-7.9246,92.004,7.9482,17273,0,33.608
35.081,2560.7,-7.9545,92.389,8.0039,17273,0,33.933
35.131,2556.1,-7.9588,92.773,8.0243,17273,0,34.233
35.181,2551.5,-7.9576,93.156,8.0379,17273,0,34.542
35.231,2546.9,-7.9492,93.538,8.0393,17273,0,34.853
35.281,2542.3,-7.9287,93.92,8.0172,17273,0,35.154
35.331,2537.7,-7.8956,94.3,7.9709,17273,0,35.444
35.381,2533,-7.8476,94.68,7.8994,17273,0,35.72
35.431,2528.3,-7.7922,95.06,7.8218,17273,0,36.005
35.481,2523.6,-7.728,95.438,7.7391,17273,0,36.297
35.531,2518.9,-7.6531,95.816,7.6538,17273,0,36.597
35.581,2514.2,-7.5874,96.192,7.5887,17273,0,36.916
35.631,2509.4,-7.5413,96.567,7.5464,17273,0,37.244
35.681,2504.6,-7.5114,96.941,7.5186,17273,0,37.567
35.731,2499.8,-7.4943,97.314,7.5013,17273,0,37.88
35.781,2495,-7.493,97.686,7.4969,17273,0,38.187
35.831,2490.2,-7.4929,98.057,7.4945,17273,0,38.482
35.881,2485.3,-7.4958,98.428,7.4961,17273,0,38.769
35.931,2480.5,-7.5144,98.799,7.5156,17273,0,39.064
35.981,2475.6,-7.5435,99.169,7.5538,17273,0,39.378
36.031,2470.7,-7.568,99.538,7.596,17273,0,39.704
36.081,2465.8,-7.5771,99.906,7.6223,17273,0,40.025
36.131,2460.8,-7.5839,100.27,7.6497,17273,0,40.362
36.181,2455.8,-7.5744,100.64,7.6494,17273,0,40.684
36.231,2450.9,-7.5563,101.01,7.6328,17273,0,41.005
36.281,2445.9,-7.5297,101.37,7.5995,17273,0,41.324
36.331,2440.8,-7.4922,101.74,7.5464,17273,0,41.637
36.381,2435.8,-7.4418,102.1,7.4744,17273,0,41.944
36.431,2430.7,-7.387,102.46,7.4021,17273,0,42.261
36.481,2425.7,-7.3289,102.82,7.3329,17273,0,42.588
36.531,2420.6,-7.2752,103.18,7.2753,17273,0,42.924
36.581,2415.5,-7.2298,103.54,7.2305,17273,0,43.265
36.631,2410.3,-7.1857,103.9,7.1897,17273,0,43.597
36.681,2405.2,-7.1538,104.26,7.1607,17273,0,43.922
36.731,2400,-7.1498,104.61,7.1536,17273,0,44.244
36.781,2394.8,-7.1652,104.97,7.1653,17273,0,44.566
36.831,2389.6,-7.1771,105.32,7.1783,17273,0,44.882
36.881,2384.4,-7.1926,105.68,7.2006,17273,0,45.204
36.931,2379.2,-7.2091,106.03,7.2312,17273,0,45.537
36.981,2373.9,-7.2158,106.38,7.2532,17273,0,45.87
37.031,2368.6,-7.2205,106.73,7.277,17273,0,46.215
37.081,2363.3,-7.2108,107.08,7.2769,17273,0,46.551
37.131,2358,-7.1878,107.43,7.2511,17273,0,46.876
37.181,2352.7,-7.1492,107.78,7.1959,17273,0,47.186
37.231,2347.3,-7.1095,108.13,7.1418,17273,0,47.508
37.281,2342,-7.0696,108.48,7.0903,17273,0,47.84
37.331,2336.6,-7.0371,108.82,7.0521,17273,0,48.189
37.381,2331.2,-7.0069,109.17,7.0183,17273,0,48.545
37.431,2325.8,-6.9594,109.51,6.9629,17273,0,48.881
37.481,2320.4,-6.9155,109.85,6.9158,17273,0,49.221
37.531,2314.9,-6.8965,110.2,6.897,17273,0,49.575
37.581,2309.4,-6.8778,110.54,6.8784,17273,0,49.922
37.631,2303.9,-6.8591,110.88,6.8598,17273,0,50.259
37.681,2298.4,-6.845,111.22,6.8462,17273,0,50.593
37.731,2292.9,-6.8411,111.55,6.8449,17273,0,50.93
37.781,2287.4,-6.8491,111.89,6.8616,17273,0,51.279
37.831,2281.8,-6.8532,112.23,6.8776,17273,0,51.63
37.881,2276.3,-6.8437,112.56,6.8745,17273,0,51.97
37.931,2270.7,-6.8266,112.9,6.8595,17273,0,52.305
37.981,2265.1,-6.8045,113.23,6.8359,17273,0,52.64
38.031,2259.4,-6.7819,113.56,6.8118,17273,0,52.981
38.081,2253.8,-6.747,113.9,6.7676,17273,0,53.31
38.131,2248.1,-6.7123,114.23,6.7255,17273,0,53.643
38.181,2242.5,-6.683,114.56,6.6925,17273,0,53.985
38.231,2236.8,-6.6637,114.88,6.6738,17273,0,54.337
38.281,2231.1,-6.6449,115.21,6.6556,17273,0,54.689
38.331,2225.3,-6.6343,115.54,6.6497,17273,0,55.05
38.381,2219.6,-6.6232,115.86,6.6438,17273,0,55.413
38.431,2213.8,-6.6089,116.19,6.6336,17273,0,55.776
38.481,2208.1,-6.5898,116.51,6.6158,17273,0,56.136
38.531,2202.3,-6.5652,116.84,6.5889,17273,0,56.493
38.581,2196.5,-6.5229,117.16,6.535,17273,0,56.83
38.631,2190.7,-6.4849,117.48,6.4907,17273,0,57.173
38.681,2184.8,-6.4593,117.8,6.4637,17273,0,57.527
38.731,2179,-6.4373,118.12,6.4413,17273,0,57.878
38.781,2173.1,-6.4241,118.44,6.4302,17273,0,58.233
38.831,2167.2,-6.4065,118.75,6.4133,17273,0,58.579
38.881,2161.3,-6.3869,119.07,6.3938,17273,0,58.919
38.931,2155.4,-6.3756,119.38,6.3857,17273,0,59.264
38.981,2149.4,-6.3766,119.7,6.398,17273,0,59.625
39.031,2143.5,-6.3722,120.01,6.4049,17273,0,59.985
39.081,2137.5,-6.3535,120.32,6.3878,17273,0,60.332
39.131,2131.5,-6.346,120.63,6.3925,17273,0,60.703
39.181,2125.5,-6.3397,120.94,6.4024,17273,0,61.088
39.231,2119.5,-6.3069,121.25,6.3575,17273,0,61.441
39.281,2113.5,-6.2605,121.56,6.2889,17273,0,61.785
39.331,2107.5,-6.2217,121.87,6.239,17273,0,62.147
39.381,2101.4,-6.1752,122.17,6.1812,17273,0,62.502
39.431,2095.3,-6.124,122.48,6.1242,17273,0,62.852
39.481,2089.2,-6.0942,122.78,6.0942,17273,0,63.211
39.531,2083.1,-6.0664,123.08,6.0669,17273,0,63.557
39.581,2077,-6.0475,123.38,6.0479,17273,0,63.894
39.631,2070.9,-6.0585,123.69,6.0604,17273,0,64.241
39.681,2064.7,-6.0863,123.99,6.1093,17273,0,64.612
39.731,2058.5,-6.104,124.28,6.1627,17273,0,64.989
39.781,2052.3,-6.0918,124.58,6.161,17273,0,65.337
39.831,2046.1,-6.0679,124.88,6.1332,17273,0,65.678
39.881,2039.9,-6.0403,125.18,6.0977,17273,0,66.025
39.931,2033.7,-6.0086,125.47,6.0544,17273,0,66.377
39.981,2027.5,-5.9795,125.76,6.0177,17273,0,66.742
40.031,2021.2,-5.9382,126.06,5.9598,17273,0,67.096
40.081,2014.9,-5.9051,126.35,5.9195,17273,0,67.465
40.131,2008.6,-5.8623,126.64,5.867,17273,0,67.822
40.181,2002.3,-5.8186,126.93,5.8189,17273,0,68.175
40.231,1996,-5.7943,127.22,5.7944,17273,0,68.535
40.281,1989.7,-5.7678,127.51,5.7679,17273,0,68.882
40.331,1983.3,-5.763,127.79,5.7637,17273,0,69.233
40.381,1977,-5.7668,128.08,5.7739,17273,0,69.585
40.431,1970.6,-5.7746,128.36,5.7989,17273,0,69.945
40.481,1964.2,-5.7814,128.65,5.8339,17273,0,70.316
40.531,1957.8,-5.7872,128.93,5.8799,17273,0,70.704
40.581,1951.4,-5.7824,129.21,5.9071,17273,0,71.096
40.631,1945,-5.7461,129.49,5.8436,17273,0,71.446
40.681,1938.5,-5.7021,129.77,5.7649,17273,0,71.801
40.731,1932,-5.6569,130.05,5.6924,17273,0,72.17
40.781,1925.6,-5.5939,130.33,5.6003,17273,0,72.528
40.831,1919.1,-5.534,130.6,5.5342,17273,0,72.895
40.881,1912.6,-5.5063,130.88,5.5071,17273,0,73.277
40.931,1906.1,-5.4875,131.15,5.488,17273,0,73.648
40.981,1899.5,-5.4876,131.43,5.4887,17273,0,74.019
41.031,1893,-5.4946,131.7,5.5057,17273,0,74.392
41.081,1886.4,-5.4889,131.97,5.5098,17273,0,74.752
41.131,1879.9,-5.4931,132.24,5.539,17273,0,75.13
41.181,1873.3,-5.4882,132.51,5.5559,17273,0,75.507
41.231,1866.7,-5.4706,132.78,5.5447,17273,0,75.876
41.281,1860.1,-5.4416,133.04,5.5047,17273,0,76.239
41.331,1853.4,-5.4046,133.31,5.4481,17273,0,76.6
41.381,1846.8,-5.364,133.58,5.3886,17273,0,76.964
41.431,1840.1,-5.3245,133.84,5.3364,17273,0,77.333
41.481,1833.5,-5.2803,134.1,5.2826,17273,0,77.694
41.531,1826.8,-5.2515,134.36,5.2523,17273,0,78.061
41.581,1820.1,-5.2289,134.62,5.2295,17273,0,78.422
41.631,1813.4,-5.2198,134.88,5.2227,17273,0,78.781
41.681,1806.7,-5.2168,135.14,5.2272,17273,0,79.14
41.731,1799.9,-5.2116,135.4,5.2326,17273,0,79.495
41.781,1793.2,-5.2073,135.66,5.2444,17273,0,79.854
41.831,1786.4,-5.2064,135.91,5.2706,17273,0,80.228
41.881,1779.7,-5.1959,136.17,5.2786,17273,0,80.599
41.931,1772.9,-5.1652,136.42,5.2321,17273,0,80.95
41.981,1766.1,-5.1268,136.67,5.1693,17273,0,81.3
42.031,1759.3,-5.0899,136.93,5.1153,17273,0,81.66
42.081,1752.4,-5.0561,137.18,5.0712,17273,0,82.026
42.131,1745.6,-5.0336,137.43,5.0484,17273,0,82.402
42.181,1738.8,-4.9993,137.67,5.006,17273,0,82.762
42.231,1731.9,-4.9704,137.92,4.9738,17273,0,83.12
42.281,1725,-4.9527,138.17,4.9572,17273,0,83.48
42.331,1718.1,-4.9441,138.41,4.9549,17273,0,83.842
42.381,1711.2,-4.9425,138.66,4.9696,17273,0,84.211
42.431,1704.3,-4.942,138.9,4.9953,17273,0,84.587
42.481,1697.4,-4.9334,139.14,5.0079,17273,0,84.963
42.531,1690.5,-4.9052,139.38,4.968,17273,0,85.318
42.581,1683.5,-4.8718,139.62,4.9164,17273,0,85.675
42.631,1676.6,-4.8373,139.86,4.866,17273,0,86.036
42.681,1669.6,-4.806,140.1,4.8252,17273,0,86.403
42.731,1662.6,-4.7765,140.34,4.7894,17273,0,86.771
42.781,1655.6,-4.7481,140.57,4.7564,17273,0,87.135
42.831,1648.6,-4.7239,140.81,4.7305,17273,0,87.496
42.881,1641.6,-4.7017,141.04,4.7075,17273,0,87.852
42.931,1634.5,-4.6876,141.27,4.6969,17273,0,88.207
42.981,1627.5,-4.681,141.51,4.7012,17273,0,88.566
43.031,1620.4,-4.6782,141.74,4.7195,17273,0,88.932
43.081,1613.4,-4.6719,141.97,4.7364,17273,0,89.301
43.131,1606.3,-4.649,142.2,4.7101,17273,0,89.654
43.181,1599.2,-4.6179,142.42,4.6625,17273,0,90.002
43.231,1592.1,-4.6015,142.65,4.6544,17273,0,90.376
43.281,1585,-4.5713,142.88,4.6109,17273,0,90.737
43.331,1577.9,-4.5229,143.1,4.5336,17273,0,91.078
43.381,1570.7,-4.5018,143.32,4.5127,17273,0,91.447
43.431,1563.6,-4.4927,143.55,4.5148,17273,0,91.824
43.481,1556.4,-4.4729,143.77,4.4963,17273,0,92.187
43.531,1549.3,-4.4486,143.99,4.4685,17273,0,92.543
43.581,1542.1,-4.4275,144.21,4.4471,17273,0,92.899
43.631,1534.9,-4.4163,144.43,4.4469,17273,0,93.265
43.681,1527.7,-4.3951,144.64,4.425,17273,0,93.619
43.731,1520.5,-4.3726,144.86,4.4002,17273,0,93.971
43.781,1513.3,-4.3584,145.08,4.3946,17273,0,94.333
43.831,1506,-4.3449,145.29,4.3925,17273,0,94.699
43.881,1498.8,-4.3266,145.5,4.3791,17273,0,95.063
43.931,1491.5,-4.3032,145.72,4.3523,17273,0,95.429
43.981,1484.2,-4.2684,145.93,4.2981,17273,0,95.783
44.031,1477,-4.2357,146.14,4.2526,17273,0,96.139
44.081,1469.7,-4.2127,146.35,4.2282,17273,0,96.503
44.131,1462.4,-4.1884,146.55,4.2008,17273,0,96.859
44.181,1455.1,-4.165,146.76,4.1751,17273,0,97.209
44.231,1447.7,-4.1563,146.97,4.1771,17273,0,97.569
44.281,1440.4,-4.1441,147.17,4.1746,17273,0,97.922
44.331,1433.1,-4.1274,147.38,4.1626,17273,0,98.269
44.381,1425.7,-4.1089,147.58,4.1464,17273,0,98.614
44.431,1418.4,-4.0958,147.78,4.1456,17273,0,98.969
44.481,1411,-4.078,147.98,4.1326,17273,0,99.322
44.531,1403.6,-4.0514,148.18,4.0953,17273,0,99.667
44.581,1396.2,-4.0268,148.38,4.0644,17273,0,100.02
44.631,1388.8,-4.0126,148.58,4.0615,17273,0,100.38
44.681,1381.4,-3.9959,148.78,4.053,17273,0,100.75
44.731,1374,-3.9639,148.97,4.0018,17273,0,101.1
44.781,1366.5,-3.9277,149.17,3.9453,17273,0,101.44
44.831,1359.1,-3.8973,149.36,3.9061,17273,0,101.79
44.881,1351.7,-3.8704,149.56,3.8747,17273,0,102.13
44.931,1344.2,-3.8477,149.75,3.8504,17273,0,102.47
44.981,1336.7,-3.8346,149.94,3.8402,17273,0,102.8
45.031,1329.2,-3.8326,150.13,3.8536,17273,0,103.13
45.081,1321.8,-3.8314,150.32,3.8805,17273,0,103.47
45.131,1314.3,-3.8284,150.51,3.9158,17273,0,103.82
45.181,1306.7,-3.8207,150.69,3.9448,17273,0,104.17
45.231,1299.2,-3.7931,150.88,3.8946,17273,0,104.5
45.281,1291.7,-3.7599,151.07,3.827,17273,0,104.84
45.331,1284.2,-3.7227,151.25,3.7561,17273,0,105.17
45.381,1276.6,-3.6857,151.43,3.6974,17273,0,105.51
45.431,1269.1,-3.6674,151.62,3.6814,17273,0,105.87
45.481,1261.5,-3.6423,151.8,3.6515,17273,0,106.21
45.531,1253.9,-3.6163,151.98,3.6207,17273,0,106.54
45.581,1246.3,-3.6071,152.16,3.6196,17273,0,106.88
45.631,1238.7,-3.604,152.33,3.6394,17273,0,107.23
45.681,1231.1,-3.6008,152.51,3.6718,17273,0,107.58
45.731,1223.5,-3.5946,152.69,3.7058,17273,0,107.93
45.781,1215.9,-3.5721,152.86,3.6761,17273,0,108.27
45.831,1208.3,-3.5418,153.04,3.6167,17273,0,108.61
45.881,1200.6,-3.5027,153.21,3.5364,17273,0,108.95
45.931,1193,-3.4577,153.38,3.462,17273,0,109.28
45.981,1185.3,-3.4303,153.56,3.4313,17273,0,109.62
46.031,1177.7,-3.4222,153.73,3.4295,17273,0,109.96
46.081,1170,-3.4105,153.9,3.4251,17273,0,110.3
46.131,1162.3,-3.402,154.06,3.4313,17273,0,110.63
46.181,1154.6,-3.3967,154.23,3.4542,17273,0,110.97
46.231,1146.9,-3.3862,154.4,3.4667,17273,0,111.3
46.281,1139.2,-3.366,154.56,3.4445,17273,0,111.63
46.331,1131.5,-3.3503,154.73,3.441,17273,0,111.98
46.381,1123.8,-3.3254,154.89,3.4014,17273,0,112.31
46.431,1116.1,-3.2939,155.06,3.3414,17273,0,112.65
46.481,1108.3,-3.2573,155.22,3.2756,17273,0,112.98
46.531,1100.6,-3.2249,155.38,3.2302,17273,0,113.31
46.581,1092.8,-3.2025,155.54,3.2058,17273,0,113.64
46.631,1085.1,-3.184,155.7,3.1872,17273,0,113.96
46.681,1077.3,-3.1815,155.86,3.2001,17273,0,114.29
46.731,1069.5,-3.1816,156.01,3.2349,17273,0,114.62
46.781,1061.7,-3.1712,156.17,3.2457,17273,0,114.94
46.831,1053.9,-3.16,156.32,3.2582,17273,0,115.26
46.881,1046.1,-3.1441,156.48,3.2533,17273,0,115.59
46.931,1038.3,-3.1219,156.63,3.2212,17273,0,115.92
46.981,1030.5,-3.0932,156.79,3.1637,17273,0,116.24
47.031,1022.7,-3.067,156.94,3.1206,17273,0,116.58
47.081,1014.8,-3.0378,157.09,3.071,17273,0,116.91
47.131,1007,-3.0049,157.24,3.0176,17273,0,117.24
47.181,999.13,-2.9764,157.39,2.9805,17273,0,117.56
47.231,991.28,-2.9456,157.53,2.9456,17273,0,117.87
47.281,983.41,-2.9345,157.68,2.9356,17273,0,118.19
47.331,975.54,-2.94,157.83,2.9644,17273,0,118.5
47.381,967.66,-2.9438,157.97,3.0185,17273,0,118.82
47.431,959.78,-2.9289,158.12,3.0127,17273,0,119.12
47.481,951.88,-2.9124,158.26,3.001,17273,0,119.43
47.531,943.98,-2.8944,158.4,2.9843,17273,0,119.74
47.581,936.07,-2.8749,158.54,2.9612,17273,0,120.05
47.631,928.16,-2.8503,158.68,2.9167,17273,0,120.36
47.681,920.23,-2.8242,158.82,2.8697,17273,0,120.67
47.731,912.31,-2.8005,158.96,2.8342,17273,0,120.99
47.781,904.37,-2.7841,159.1,2.8232,17273,0,121.31
47.831,896.43,-2.7599,159.24,2.7866,17273,0,121.63
47.881,888.47,-2.7367,159.37,2.7543,17273,0,121.93
47.931,880.52,-2.7304,159.51,2.7727,17273,0,122.26
47.981,872.55,-2.7176,159.64,2.7743,17273,0,122.57
48.031,864.58,-2.6962,159.78,2.7434,17273,0,122.88
48.081,856.61,-2.6773,159.91,2.722,17273,0,123.19
48.131,848.62,-2.6574,160.04,2.6968,17273,0,123.49
48.181,840.63,-2.6439,160.17,2.6956,17273,0,123.8
48.231,832.63,-2.6339,160.3,2.7118,17273,0,124.12
48.281,824.63,-2.6091,160.43,2.6644,17273,0,124.42
48.331,816.62,-2.5817,160.56,2.6123,17273,0,124.72
48.381,808.6,-2.5695,160.69,2.6147,17273,0,125.04
48.431,800.58,-2.5568,160.81,2.6175,17273,0,125.35
48.481,792.55,-2.5329,160.94,2.5757,17273,0,125.65
48.531,784.51,-2.5084,161.06,2.5348,17273,0,125.95
48.581,776.47,-2.4868,161.19,2.5049,17273,0,126.24
48.631,768.42,-2.4678,161.31,2.4824,17273,0,126.53
48.681,760.36,-2.4582,161.43,2.4866,17273,0,126.83
48.731,752.3,-2.4521,161.55,2.5097,17273,0,127.12
48.781,744.24,-2.4422,161.67,2.5249,17273,0,127.42
48.831,736.16,-2.424,161.79,2.5019,17273,0,127.7
48.881,728.08,-2.4102,161.91,2.502,17273,0,128
48.931,720,-2.391,162.03,2.4747,17273,0,128.29
48.981,711.91,-2.3659,162.15,2.4205,17273,0,128.58
49.031,703.81,-2.3453,162.26,2.3902,17273,0,128.88
49.081,695.71,-2.327,162.38,2.3692,17273,0,129.18
49.131,687.6,-2.3178,162.49,2.3879,17273,0,129.48
49.181,679.48,-2.2978,162.61,2.3584,17273,0,129.78
49.231,671.36,-2.2663,162.72,2.2868,17273,0,130.06
49.281,663.24,-2.2476,162.83,2.2646,17273,0,130.35
49.331,655.1,-2.2341,162.94,2.2575,17273,0,130.64
49.381,646.97,-2.2239,163.05,2.2631,17273,0,130.93
49.431,638.82,-2.2123,163.16,2.2662,17273,0,131.21
49.481,630.68,-2.1949,163.27,2.2446,17273,0,131.48
49.531,622.52,-2.177,163.38,2.2206,17273,0,131.76
49.581,614.36,-2.1743,163.49,2.272,17273,0,132.05
49.631,606.2,-2.1653,163.59,2.3022,17273,0,132.34
49.681,598.03,-2.1429,163.7,2.2496,17273,0,132.62
49.731,589.85,-2.1166,163.8,2.1808,17273,0,132.9
49.781,581.67,-2.0843,163.91,2.1019,17273,0,133.17
49.831,573.49,-2.0632,164.01,2.0726,17273,0,133.45
49.881,565.29,-2.0563,164.11,2.0848,17273,0,133.73
49.931,557.1,-2.0453,164.21,2.0879,17273,0,134.01
49.981,548.9,-2.0303,164.31,2.0748,17273,0,134.28
50.031,540.69,-2.0187,164.41,2.0773,17273,0,134.55
50.081,532.48,-2.0057,164.51,2.0746,17273,0,134.82
50.131,524.26,-1.9879,164.61,2.0476,17273,0,135.08
50.181,516.04,-1.9741,164.71,2.0414,17273,0,135.35
50.231,507.81,-1.9618,164.8,2.0443,17273,0,135.62
50.281,499.58,-1.9449,164.9,2.0216,17273,0,135.89
50.331,491.35,-1.925,165,1.9851,17273,0,136.16
50.381,483.1,-1.9087,165.09,1.9677,17273,0,136.43
50.431,474.86,-1.8914,165.18,1.9456,17273,0,136.71
50.481,466.61,-1.8641,165.28,1.8816,17273,0,136.97
50.531,458.35,-1.8446,165.37,1.8537,17273,0,137.23
50.581,450.09,-1.8414,165.46,1.8818,17273,0,137.5
50.631,441.83,-1.8422,165.55,1.9609,17273,0,137.78
50.681,433.56,-1.8368,165.64,2.0272,17273,0,138.06
50.731,425.29,-1.8256,165.73,2.0547,17273,0,138.34
50.781,417.01,-1.805,165.82,2.0001,17273,0,138.62
50.831,408.72,-1.7636,165.91,1.8129,17273,0,138.88
50.881,400.44,-1.7163,165.99,1.7187,17273,0,139.14
50.931,392.15,-1.6878,166.08,1.7134,17273,0,139.4
50.981,383.85,-1.6796,166.16,1.6918,17273,0,139.65
51.031,375.55,-1.6888,166.25,1.6965,17273,0,139.9
51.081,367.25,-1.706,166.33,1.8443,17273,0,140.16
51.131,358.94,-1.7143,166.41,2.0567,17273,0,140.43
51.181,350.62,-1.7138,166.5,2.2329,17273,0,140.72
51.231,342.31,-1.6954,166.58,2.1788,17273,0,140.99
51.281,333.99,-1.6539,166.66,1.8698,17273,0,141.24
51.331,325.66,-1.601,166.74,1.6194,17273,0,141.5
51.381,317.33,-1.5401,166.82,1.6048,17273,0,141.76
51.431,309,-1.5008,166.89,1.704,17273,0,142.02
51.481,300.66,-1.502,166.97,1.6187,17273,0,142.25
51.531,292.32,-1.5359,167.05,1.5397,17273,0,142.48
51.581,283.98,-1.5695,167.12,1.8162,17273,0,142.73
51.631,275.63,-1.5861,167.2,2.1992,17273,0,143
51.681,267.28,-1.5756,167.28,2.2584,17273,0,143.25
51.731,258.92,-1.5429,167.35,1.9809,17273,0,143.48
51.781,250.56,-1.4902,167.42,1.5768,17273,0,143.7
51.831,242.2,-1.4373,167.5,1.4435,17273,0,143.94
51.881,233.83,-1.4097,167.57,1.4474,17273,0,144.2
51.931,225.46,-1.4046,167.64,1.4158,17273,0,144.45
51.981,217.08,-1.406,167.71,1.4073,17273,0,144.68
52.031,208.7,-1.4147,167.78,1.4782,17273,0,144.91
52.081,200.32,-1.4213,167.85,1.627,17273,0,145.15
52.131,191.94,-1.4214,167.92,1.7726,17273,0,145.4
52.181,183.55,-1.4055,167.99,1.7365,17273,0,145.63
52.231,175.16,-1.3814,168.05,1.6082,17273,0,145.87
52.281,166.76,-1.3454,168.12,1.4074,17273,0,146.1
52.331,158.36,-1.32,168.19,1.3382,17273,0,146.34
52.381,149.96,-1.3012,168.25,1.3093,17273,0,146.59
52.431,141.55,-1.2827,168.31,1.2842,17273,0,146.82
52.481,133.15,-1.2773,168.38,1.2922,17273,0,147.05
52.531,124.73,-1.2787,168.44,1.3553,17273,0,147.28
52.581,116.32,-1.2703,168.5,1.3747,17273,0,147.51
52.631,107.9,-1.2595,168.57,1.3791,17273,0,147.72
52.681,99.478,-1.2543,168.63,1.4411,17273,0,147.96
52.731,91.054,-1.2397,168.69,1.4145,17273,0,148.18
52.781,82.626,-1.2193,168.75,1.3347,17273,0,148.4
52.831,74.195,-1.1976,168.81,1.2572,17273,0,148.62
52.881,65.761,-1.1759,168.87,1.1963,17273,0,148.84
52.931,57.324,-1.1628,168.92,1.1818,17273,0,149.06
52.981,48.885,-1.1509,168.98,1.1708,17273,0,149.27
53.031,40.442,-1.1458,169.04,1.1962,17273,0,149.48
53.081,31.997,-1.1471,169.09,1.298,17273,0,149.7
53.131,23.549,-1.1455,169.15,1.4144,17273,0,149.93
53.181,15.098,-1.131,169.21,1.3809,17273,0,150.14
53.231,6.6436,-1.1022,169.26,1.1943,17273,0,150.34
# Event GROUND_HIT occurred at t=53.281 seconds,,,,,,,
# Event SIMULATION_END occurred at t=53.281 seconds,,,,,,,
